gene,n_residues,n_switch_contacts,v3_time,v2_time,QICESS-v3_top_k_mean_tm,QICESS-v3_top_k_max_tm,QICESS-v3_best_overall_tm,QICESS-v3_spearman_rho,QICESS-v3_spearman_p,QICESS-v3_ndcg_k,QICESS-v3_n_evaluated,QICESS-v3_mean_tm_all,QICESS-v2_top_k_mean_tm,QICESS-v2_top_k_max_tm,QICESS-v2_best_overall_tm,QICESS-v2_spearman_rho,QICESS-v2_spearman_p,QICESS-v2_ndcg_k,QICESS-v2_n_evaluated,QICESS-v2_mean_tm_all,QICESS-Exact_top_k_mean_tm,QICESS-Exact_top_k_max_tm,QICESS-Exact_best_overall_tm,QICESS-Exact_spearman_rho,QICESS-Exact_spearman_p,QICESS-Exact_ndcg_k,QICESS-Exact_n_evaluated,QICESS-Exact_mean_tm_all,Classical-MJ_top_k_mean_tm,Classical-MJ_top_k_max_tm,Classical-MJ_best_overall_tm,Classical-MJ_spearman_rho,Classical-MJ_spearman_p,Classical-MJ_ndcg_k,Classical-MJ_n_evaluated,Classical-MJ_mean_tm_all,No-Quantum_top_k_mean_tm,No-Quantum_top_k_max_tm,No-Quantum_best_overall_tm,No-Quantum_spearman_rho,No-Quantum_spearman_p,No-Quantum_ndcg_k,No-Quantum_n_evaluated,No-Quantum_mean_tm_all,Random_top_k_mean_tm,Random_top_k_max_tm,Random_best_overall_tm,Random_spearman_rho,Random_spearman_p,Random_ndcg_k,Random_n_evaluated,Random_mean_tm_all
ABL1,263,16,2.7895119190216064,6.40973973274231,0.38445889437788916,0.6197999801583906,0.8904568637737762,0.7871812262615301,1.9222176830761805e-21,0.4407060765495002,96,0.6698920034995797,0.8889047425480621,0.8903488501963981,0.8904568637737762,-0.8489148128052089,8.956605765294628e-28,0.998835153571677,96,0.6698920034995797,0.8889047425480621,0.8903488501963981,0.8904568637737762,-0.8576641345632122,6.706946161215888e-29,0.998835153571677,96,0.6698920034995797,0.4846836819713306,0.7817403461698715,0.8904568637737762,0.008939229517091698,0.9311161878794723,0.5291251648344076,96,0.6698920034995797,0.53152801997777,0.8124723880283513,0.8904568637737762,-0.2305480195333695,0.023830896043895614,0.5379960305689216,96,0.6698920034995797,0.8418748736109466,0.8904568637737762,0.8904568637737762,-0.0928784590341834,0.36809574057192723,0.9576438341065826,96,0.6698920034995796
SRC,449,13,2.3177218437194824,5.680735111236572,0.20057685706908676,0.3932407865009942,0.3932407865009942,0.3363156432342318,0.008606479040093415,0.923604680838093,60,0.19412207967155776,0.1860327107943069,0.19820880668150687,0.3932407865009942,-0.13242567379827733,0.3131484459155991,0.7603659486633128,60,0.19412207967155776,0.19167493278470174,0.19820880668150687,0.3932407865009942,-0.23506529591553216,0.0706172827365061,0.7758046670743303,60,0.19412207967155776,0.19982017396034563,0.3932407865009942,0.3932407865009942,0.05095859961100307,0.6989993463563896,0.8629147077895674,60,0.19412207967155773,0.19842023592234176,0.3932407865009942,0.3932407865009942,0.1422617393720478,0.2782316746117018,0.7895129232514873,60,0.19412207967155773,0.19681041541585487,0.20543746653900152,0.3932407865009942,-0.08235621005834955,0.5315950029957737,0.79669423439757,60,0.19412207967155773
HCK,437,15,2.1938304901123047,5.576555967330933,0.055056359934080465,0.055056359934080465,0.14018650724129564,-0.23481187330243092,0.07093003047196998,0.6471743388092619,60,0.05773822911010873,0.05506822985853606,0.05524345125359796,0.14018650724129564,0.16657645996608728,0.20335109220069236,0.6472729948403592,60,0.05773822911010873,0.05506822985853606,0.05524345125359796,0.14018650724129564,0.16416318274817948,0.2100686650452181,0.647270799258455,60,0.05773822911010873,0.07193015313421275,0.14018650724129564,0.14018650724129564,-0.3111619312839896,0.01552239767319189,0.9601488609937665,60,0.05773822911010873,0.055056359934080465,0.055056359934080465,0.14018650724129564,0.04654608434039708,0.7239748594215121,0.6471743388092619,60,0.05773822911010873,0.054880426809092386,0.05524345125359796,0.14018650724129564,0.05665168269038608,0.667241791642367,0.6456254500693394,60,0.05773822911010873
FYN,262,15,1.4309699535369873,7.128767251968384,0.1551634444583899,0.47045240625812296,0.47045240625812296,-0.34487249050461205,0.0005795982506254325,0.9520217645023392,96,0.07903795313119906,0.06699804105194088,0.07989489024377817,0.47045240625812296,0.4691671188279979,1.4238637598206686e-06,0.3107794245668741,96,0.07903795313119906,0.06838687450218475,0.07989489024377817,0.47045240625812296,0.4377916440586001,8.174658888926817e-06,0.31354665626469536,96,0.07903795313119906,0.11632713156633223,0.3076735017876148,0.47045240625812296,-0.36551817688551275,0.0002502687050813509,0.5282647318835414,96,0.07903795313119906,0.06944327439073084,0.09845187753120341,0.47045240625812296,0.23966359196961473,0.018680847239736693,0.3258516884635506,96,0.07903795313119906,0.06594953171314541,0.08048438407570546,0.47045240625812296,0.1219750406945198,0.2364615384238998,0.2893043961140413,96,0.07903795313119906
LCK,288,16,3.292433500289917,8.365482568740845,0.29144443783189516,0.7016518410854847,0.7016518410854847,0.18894679974820752,0.06522884535864318,0.9254377118547117,96,0.216690538723791,0.2196570897143247,0.22785761026646484,0.7016518410854847,-0.38242114388125736,0.00012050710721667726,0.5648443267055147,96,0.21669053872379096,0.22195362468544882,0.24271913927280658,0.7016518410854847,-0.47861446677242586,8.124391114664058e-07,0.5709254335860267,96,0.21669053872379096,0.3019197471937595,0.7016518410854847,0.7016518410854847,-0.4902392428956695,3.978937686935396e-07,0.777281651766999,96,0.21669053872379096,0.20836517667759344,0.23075477902829908,0.7016518410854847,-0.34919195926697955,0.0004884838926573923,0.5226010543724767,96,0.21669053872379096,0.21956627346179536,0.227675256714194,0.7016518410854847,0.07398388219255028,0.4737580086344445,0.5696354842925156,96,0.216690538723791
PTPN6,504,13,4.071665525436401,9.147810697555542,0.27234788179684233,0.38665489180765983,0.38665489180765983,-0.6018894137260351,3.6420259824546067e-07,0.9092208850152591,60,0.21397873910199613,0.2269668511379292,0.38665489180765983,0.38665489180765983,-0.012058905251458741,0.9271380260458337,0.7247230760544834,60,0.21397873910199616,0.20181922780670786,0.3010914451149162,0.38665489180765983,0.0684078910808558,0.6035183483068965,0.6792518082648572,60,0.21397873910199616,0.283947849430917,0.38665489180765983,0.38665489180765983,-0.4951931091969992,5.7598054296133324e-05,0.9105442030593416,60,0.21397873910199613,0.2838292984539127,0.38665489180765983,0.38665489180765983,-0.40711308696860243,0.0012456209656194154,0.9439207485419007,60,0.21397873910199613,0.20250877368793535,0.2357992841630573,0.38665489180765983,0.05106974159488748,0.698374212964088,0.6431058543476467,60,0.21397873910199613
EGFR,311,15,1.8135020732879639,7.1165947914123535,0.7528698618126766,0.8162144973154853,0.8579740403369375,0.7735078676071622,2.5434467898834946e-20,0.8823176688912058,96,0.7619800317228244,0.8396459460202083,0.8572625729467718,0.8579740403369375,-0.7161964188822572,2.352236066378066e-16,0.9804156270930556,96,0.7619800317228244,0.8336725661422001,0.8572625729467718,0.8579740403369375,-0.626098752034726,9.001172696607409e-12,0.9700322625920895,96,0.7619800317228244,0.6148992070411572,0.8253495045681618,0.8579740403369375,-0.017580032555615844,0.8650060566230615,0.6263432282283926,96,0.7619800317228244,0.7447119084282492,0.8253495045681618,0.8579740403369375,-0.03979924036896365,0.7002405622767635,0.8410881931880523,96,0.7619800317228244,0.8490124789300758,0.8552934868781047,0.8579740403369375,-0.0875474769397721,0.39633762453180316,0.9918281148837018,96,0.7619800317228244
PTK2,611,18,9.243466854095459,12.996882200241089,0.0,0.0,0.0,0.0,1.0,0.0,60,0.0,0.0,0.0,0.0,0.0,1.0,0.0,60,0.0,0.0,0.0,0.0,0.0,1.0,0.0,60,0.0,0.0,0.0,0.0,0.0,1.0,0.0,60,0.0,0.0,0.0,0.0,0.0,1.0,0.0,60,0.0,0.0,0.0,0.0,0.0,1.0,0.0,60,0.0
STAT3,558,14,3.437864303588867,7.38132905960083,0.5345350321280072,0.8284272795595377,0.9895447494348583,0.2071860694122995,0.11219929210537767,0.5036485105148758,60,0.7578930554918365,0.6662282604854968,0.9054502035654618,0.9895447494348583,-0.30881927346051724,0.016359867983888568,0.6242120819797365,60,0.7578930554918364,0.6368416976167003,0.8284272795595377,0.9895447494348583,-0.2726805521085799,0.035042461051226055,0.588923166859595,60,0.7578930554918364,0.5477193182491352,0.8284272795595377,0.9895447494348583,-0.07636389811828616,0.5619706045327727,0.5078590435497115,60,0.7578930554918365,0.6282558419999358,0.8284272795595377,0.9895447494348583,-0.29781086295638864,0.020831998271466,0.587667133081971,60,0.7578930554918365,0.9124226592297381,0.9895447494348583,0.9895447494348583,-0.2105775494160967,0.10631498597460581,0.9252925616308794,60,0.7578930554918365
